<?xml version="1.0" encoding="UTF-8" standalone="yes"?>
<manifest>
  <control namespace="Seer365.DesignStudio.Controls" constructor="RichTextController" version="1.3.3" display-name-key="RichTextController" description-key="RichTextController description" control-type="standard" api-version="1.3.5">
    <property name="sampleProperty" display-name-key="Property_Display_Key" description-key="Property_Desc_Key" of-type="SingleLine.Text" usage="bound" required="true"/>
    <resources>
      <code path="bundle.js" order="1"/>
      <css path="css/RichTextController.css" order="1"/>
    </resources>
    <built-by name="pac" version="1.22.2"/>
  </control>
</manifest>